url,post_content,generated_time,posted,posted_time
https://www.beacleaner.com/how-to-clean-soffit-and-fascia,"Is your home’s exterior looking a little…tired? Often overlooked, dirty soffit and fascia can really drag down your curb appeal – and even cause damage if left unchecked! 

This article breaks down exactly how to safely and effectively clean these important parts of your home. You’ll learn what tools you need, the best cleaning solutions to use, and tips to avoid common mistakes. Keeping your soffit and fascia clean protects your home from moisture damage and keeps it looking its best.

Ready to give your home a fresh, clean look? Click the link below to learn how to tackle this DIY project!
https://www.beacleaner.com/how-to-clean-soffit-and-fascia
#HomeMaintenance #CurbAppeal #DIYCleaning #HomeImprovement #SoffitAndFascia #CleanHome



",2025-05-27 15:25:33,False,
https://www.beacleaner.com/how-to-clean-solar-window-screens,"Are your solar window screens looking a little…dusty? Dirty screens can actually reduce the efficiency of your solar panels, meaning less energy and potentially higher bills! 

This quick guide from Be a Cleaner shows you exactly how to safely and effectively clean your solar window screens to maximize their performance. We’re talking simple techniques and readily available supplies to keep everything running smoothly.

Want to get the most out of your solar investment? Learn how to clean those screens like a pro and boost your energy production! Click here to read the full article: https://www.beacleaner.com/how-to-clean-solar-window-screens #SolarPanels #SolarEnergy #HomeMaintenance #CleanEnergy #DIYCleaning #BeACleaner



",2025-05-27 15:25:33,False,
https://www.beacleaner.com/how-to-clean-spider-droppings,"Ever noticed little black specks around your house and wondered what they are? They might be spider droppings – yes, spiders poop! While generally harmless, nobody wants them hanging around. 

This article breaks down exactly what spider droppings look like, where spiders tend to leave them, and most importantly, how to safely and effectively clean them up. Get rid of that dusty residue and keep your home feeling fresh and clean.

Want to learn how to tackle those tiny messes and keep your space spider-dropping free? Click the link below for a quick and easy guide!
https://www.beacleaner.com/how-to-clean-spider-droppings
#cleaningtips #spiderdroppings #homecleaning #pestcontrol #cleanhome #housekeeping",2025-05-27 15:25:33,False,
https://www.beacleaner.com/how-to-clean-spider-poop,"Ever noticed tiny black specks around your house and wondered what they are? It might be spider poop! Yep, spiders leave behind little messes, and knowing how to clean them up is key to keeping your home truly tidy.

This article breaks down exactly what spider droppings look like, where spiders tend to… well, *leave* them, and the easiest ways to get rid of them. We’re talking simple cleaning methods to banish those specks and keep your space feeling fresh and clean.

Want to learn how to tackle spider poop and reclaim your home? Click the link below for a quick and easy guide! 
https://www.beacleaner.com/how-to-clean-spider-poop #cleaningtips #spiderpoop #homecleaning #pestcontrol #cleanhome",2025-05-27 15:25:33,False,
https://www.beacleaner.com/how-to-clean-squeegee-rubber,"Is your window cleaning squeegee leaving streaks instead of sparkle? It might not be your technique, but your rubber! Over time, squeegee rubber can get dirty and damaged, impacting its performance. 

This quick read from BeaCleaner shows you exactly how to properly clean and maintain your squeegee rubber, extending its life and giving you professional-level, streak-free windows every time. Learn simple steps to remove buildup and keep your squeegee working like new.

Want crystal clear windows without the frustration? Click the link below to learn the secrets to a perfectly clean squeegee! #windowcleaning #squeegee #cleaningtips #housecleaning #beacleaner https://www.beacleaner.com/how-to-clean-squeegee-rubber



",2025-05-27 15:25:33,False,
https://www.beacleaner.com/how-to-clean-stained-glass-windows,"Does your home have beautiful stained glass windows that are looking a little…dull? Dust and grime can really take away from their vibrancy!

This article from Be a Cleaner walks you through exactly how to safely and effectively clean your stained glass, bringing back that gorgeous color and letting the light shine through. You’ll learn the best cleaning solutions to use (and avoid!), the right tools for the job, and tips to protect your windows for years to come. 

Ready to restore the sparkle? Click the link below to learn how to clean stained glass windows like a pro!
https://www.beacleaner.com/how-to-clean-stained-glass-windows
#stainedglass #cleaningtips #homecleaning #windowcleaning #homemaintenance #beacleaner



",2025-05-27 15:25:33,False,
https://www.beacleaner.com/how-to-clean-stained-glass,"Is your stained glass looking a little…dull? Don't let dirt and grime hide the beauty of those vibrant colors! Stained glass is a gorgeous art form, but it needs gentle care to stay brilliant for years to come.

Our latest article walks you through exactly how to clean stained glass safely and effectively, whether it’s a window, lamp, or decorative piece. You’ll learn the best cleaning solutions to use (and what to *avoid*!), plus simple techniques to protect the lead came and keep everything sparkling.

Ready to restore the shine? Click the link below for a step-by-step guide to cleaning your stained glass like a pro! 
https://www.beacleaner.com/how-to-clean-stained-glass
#stainedglass #cleaningtips #homemaintenance #housecleaning #diycleaning #homeimprovement",2025-05-27 15:25:33,False,
https://www.beacleaner.com/how-to-clean-steel-door-handles,"Are your steel door handles looking a little dull or covered in fingerprints? It's amazing how quickly they can lose their shine with everyday use!

This quick guide will show you exactly how to clean your steel door handles and keep them looking their best – without harsh chemicals or a ton of effort. We cover everything from daily maintenance to tackling tougher grime, so you can enjoy sparkling clean handles throughout your home.

Ready to restore that polished look? Click the link below to learn all the simple steps! 
https://www.beacleaner.com/how-to-clean-steel-door-handles
#SteelDoorHandles #CleaningTips #HomeMaintenance #CleanHome #DoorHardware #CleaningHacks",2025-05-27 15:25:33,False,
https://www.beacleaner.com/how-to-clean-sunspace-vinyl-windows,"Is your sunroom looking a little… hazy? Vinyl windows can really brighten up a space, but they definitely need some TLC to stay sparkling clean! 

This article walks you through exactly how to clean your sunspace vinyl windows, from everyday dust removal to tackling tougher grime. You’ll learn the best cleaning solutions to use (and avoid!) to keep your views crystal clear and your windows looking their best for years to come.

Ready to enjoy a brighter, cleaner sunroom? Click the link below for a step-by-step guide!
https://www.beacleaner.com/how-to-clean-sunspace-vinyl-windows
#SunroomCleaning #VinylWindows #HomeCleaning #CleaningTips #Sunspace #CleanHome



",2025-05-27 15:25:33,False,
https://www.beacleaner.com/how-to-clean-tint-residue,"Ever removed window tint and been left with that frustrating, sticky residue? It’s a common problem, and thankfully, not one you have to live with! 

Our latest article breaks down exactly how to safely and effectively clean tint residue from your car windows (or any glass surface!). We cover the best tools, cleaning solutions, and techniques to get a crystal-clear finish without scratching or damaging your glass.

Ready to restore your visibility and get your windows looking brand new? Click the link below to learn how! 
https://www.beacleaner.com/how-to-clean-tint-residue #windowtint #carcleaning #autodetailing #cleaningtips #DIYcleaning #glasscleaning



",2025-05-27 15:25:33,False,
https://www.beacleaner.com/how-to-clean-tree-sap-off-windows,"Ugh, is your view currently obscured by sticky tree sap on your windows? It’s a frustrating spring problem, but don’t resign yourself to a hazy outlook! 

This article breaks down exactly how to safely and effectively remove tree sap without scratching your glass. You’ll learn about the best tools and cleaning solutions – some you probably already have at home – to get your windows sparkling clean again.

Ready to restore crystal-clear views? Click the link below for a step-by-step guide to banishing that sap! 
https://www.beacleaner.com/how-to-clean-tree-sap-off-windows
#TreeSap #WindowCleaning #SpringCleaning #HomeMaintenance #CleaningTips",2025-05-27 15:25:33,False,
https://www.beacleaner.com/how-to-clean-up-a-broken-egg,"Uh oh! Egg-cident in the kitchen? We’ve all been there. A broken egg can be a sticky situation, but don’t scramble for a solution – we’ve got you covered!

This article breaks down exactly how to safely and effectively clean up a broken egg, from dealing with the shell to tackling that slippery yolk. Learn the best methods to avoid a mess *and* prevent any lingering smells. 

Ready to conquer that egg spill like a pro? Click the link below for a step-by-step guide!
https://www.beacleaner.com/how-to-clean-up-a-broken-egg
#cleaningtips #kitchenhacks #homecleaning #egocleanup #beacleaner #cleaningguide",2025-05-27 15:25:33,False,
https://www.beacleaner.com/how-to-clean-up-hydraulic-fluid,"Spilled hydraulic fluid? Don't panic! It can be a slippery situation, but cleaning it up properly is crucial for safety and preventing environmental damage. 

Our latest article breaks down exactly how to tackle hydraulic fluid spills – from choosing the right absorbent materials to proper disposal methods. We cover cleanup for both small drips and larger messes, helping you protect your workspace, yourself, and the planet.

Want to learn how to safely and effectively clean up hydraulic fluid? Click the link below for a step-by-step guide! 
https://www.beacleaner.com/how-to-clean-up-hydraulic-fluid
#HydraulicFluid #SpillCleanup #SafetyFirst #CleaningTips #EnvironmentalResponsibility #BeACleaner



",2025-05-27 15:25:33,False,
https://www.beacleaner.com/how-to-clean-vinyl-decals,"Ever wonder how to keep those fun vinyl decals looking fresh and vibrant? Whether it’s on your car, laptop, or a wall, dust and grime can quickly dull their shine!

This article walks you through simple, effective ways to clean your vinyl decals without damaging them. Learn the best cleaning solutions, tools to use (and avoid!), and tips for preventing future dirt buildup. Keep your decals looking their best for years to come!

Ready to restore that pop of color? Click the link below for a step-by-step guide to cleaning vinyl decals! 
https://www.beacleaner.com/how-to-clean-vinyl-decals
#VinylDecals #CleaningTips #HomeHacks #CarCare #DIYCleaning #BeACleaner



",2025-05-27 15:25:33,False,
https://www.beacleaner.com/how-to-clean-vinyl-windows-in-sunroom,"Is your sunroom looking a little… hazy? Vinyl windows can get grimy with pollen, dust, and weather, but keeping them sparkling clean doesn’t have to be a chore! 

This article breaks down exactly how to clean your vinyl windows in your sunroom, from the best cleaning solutions to the proper techniques for streak-free results. You’ll learn how to tackle tough dirt and grime while protecting your window frames. Enjoy brighter days and a clearer view!

Ready to restore that sunroom shine? Click the link below for a step-by-step guide!
https://www.beacleaner.com/how-to-clean-vinyl-windows-in-sunroom
#VinylWindows #SunroomCleaning #HomeCleaning #CleaningTips #WindowCleaning #CleanHome



",2025-05-27 15:25:33,False,
https://www.beacleaner.com/how-to-clean-window-clings,"Are your window clings looking a little…sad? Dust, grime, and sticky residue can really take the fun out of seasonal decorations! 

This article from Be a Cleaner walks you through the best ways to gently clean window clings without damaging them – or your windows. You’ll learn simple techniques using everyday household items to get them sparkling clean and ready to brighten up your space again.

Ready to restore the shine? Click the link below for a step-by-step guide to cleaning those window clings! https://www.beacleaner.com/how-to-clean-window-clings #windowcleaning #cleaningtips #homehacks #seasonaldecor #cleanhome #beacleaner



",2025-05-27 15:25:33,False,
https://www.beacleaner.com/how-to-clean-window-sills-outside,"Are your outdoor window sills looking a little grimy? Dirt, pollen, and even mildew can build up and make your windows – and your whole house – look less inviting. 

This quick guide from Be a Cleaner shows you exactly how to clean those outside window sills, using simple tools you probably already have! We’re talking sparkling clean sills and a brighter view, without a ton of effort. Learn the best methods for different sill materials and get rid of stubborn grime for good.

Ready to give your windows some love? Click the link below for a step-by-step cleaning process!
https://www.beacleaner.com/how-to-clean-window-sills-outside
#windowcleaning #homecleaning #cleaningtips #outdoorcleaning #housemaintenance #cleanhome",2025-05-27 15:25:33,False,
https://www.beacleaner.com/how-to-clean-window-sills,"Are your window sills looking a little… neglected? Dust, dirt, and grime can build up quickly, making your whole home feel less fresh. 

This quick guide from Be a Cleaner shows you exactly how to clean your window sills, no matter what they’re made of! We’re talking simple steps and effective techniques to get them sparkling clean and looking their best – plus tips to prevent future build-up.

Ready to brighten up your space and enjoy clearer views? Click the link below to learn how! 
https://www.beacleaner.com/how-to-clean-window-sills
#windowcleaning #homecleaning #cleaningtips #housecleaning #cleanhome #beacleaner



",2025-05-27 15:25:33,False,
https://www.beacleaner.com/how-to-clean-windows-that-dont-tilt,"Struggling to get sparkling clean windows that *don't* tilt? It's a common problem! Reaching those tricky spots can feel impossible, leaving streaks and frustration behind.

This article breaks down exactly how to clean windows that are fixed in place, offering simple techniques and the best tools to make the job easy – even for those hard-to-reach areas. You’ll learn pro tips for a streak-free shine without any dangerous balancing acts.

Ready to enjoy crystal-clear views? Click the link below to learn how to clean those stubborn windows and let the sunshine in! 
https://www.beacleaner.com/how-to-clean-windows-that-dont-tilt #windowcleaning #cleaningtips #homecleaning #sparklingclean #cleanhome",2025-05-27 15:25:33,False,
https://www.beacleaner.com/how-to-clean-windows-through-screens,"Ever wonder how to get sparkling clean windows *without* removing your screens? It’s totally possible – and easier than you think! 

This article breaks down the best techniques for cleaning windows through screens, leaving them streak-free and letting the sunshine in. You’ll learn pro tips on choosing the right cleaning solution, the best tools to use, and how to avoid common mistakes.

Stop struggling with dirty windows and enjoy a brighter home! Click the link below to read the full guide and get those windows gleaming.
https://www.beacleaner.com/how-to-clean-windows-through-screens
#windowcleaning #cleaningtips #homecleaning #sparklingclean #cleanhome #housecleaning",2025-05-27 15:25:33,False,
https://www.beacleaner.com/how-to-clean-windows-with-power-washer,"Ever wish cleaning your windows could be faster and easier? You might be surprised to learn your power washer can help! 

This article walks you through exactly how to safely and effectively clean your windows with a power washer, saving you time and elbow grease. We cover the right nozzles, techniques, and precautions to get sparkling clean results without damaging your glass.

Ready to ditch the squeegee and make window cleaning a breeze? Click the link below to learn more!
https://www.beacleaner.com/how-to-clean-windows-with-power-washer
#powerwashing #windowcleaning #homeimprovement #cleaningtips #diycleaning #beacleaner



",2025-05-27 15:25:33,False,
https://www.beacleaner.com/how-to-clean-wrought-iron-door,"Is your wrought iron door looking a little rusty or grimy? Don't let its beauty fade! A little TLC can go a long way in restoring that classic look and boosting your curb appeal.

This article walks you through everything you need to know to safely and effectively clean your wrought iron door – from removing rust and dirt to protecting it from future weathering. We’ll cover the best cleaning solutions and techniques to keep it looking its best for years to come.

Ready to bring back the shine? Click the link below for a step-by-step guide! 
https://www.beacleaner.com/how-to-clean-wrought-iron-door
#wroughtiron #doorcleaning #homeimprovement #curbappeal #cleaningtips #homemaintenance



",2025-05-27 15:25:33,False,
https://www.beacleaner.com/how-to-clean-wrought-iron-doors,"Is your wrought iron door looking a little rusty or just plain dull? Don't let its beauty fade! A little TLC can go a long way in restoring that classic elegance and boosting your curb appeal.

This article walks you through everything you need to know to safely and effectively clean your wrought iron door – from removing rust and grime to protecting it from future weathering. We’ll cover the best cleaning solutions and techniques to keep it looking its best for years to come.

Ready to bring back the shine? Click the link below for a step-by-step guide to cleaning your wrought iron door and making a great first impression!
https://www.beacleaner.com/how-to-clean-wrought-iron-doors
#wroughtiron #doorcleaning #homeimprovement #curbappeal #cleaningtips #homemaintenance



",2025-05-27 15:25:33,False,
https://www.beacleaner.com/how-to-count-windows-for-cleaning,"Ever wondered how window cleaning pros get such accurate quotes? It all comes down to counting windows correctly! It sounds simple, but it can be surprisingly tricky to avoid overlooking any – and avoid undercharging (or overcharging!) your customers.

This article breaks down a foolproof method for counting windows like a pro, covering everything from standard sizes to tricky shapes and multiple panes. Learn how to confidently assess any job and provide accurate estimates, saving you time and ensuring happy clients.

Ready to master the art of window counting? Click the link below to read the full guide and level up your window cleaning game!
https://www.beacleaner.com/how-to-count-windows-for-cleaning
#windowcleaning #windowcleaningtips #cleaningbusiness #businesstips #howto #cleaningestimate #professionalcleaning



",2025-05-27 15:25:33,False,
https://www.beacleaner.com/how-to-get-gutter-cleaning-jobs,"Thinking about starting a gutter cleaning business? It’s a fantastic way to be your own boss and offer a really valuable service to homeowners! But where do you even begin?

This article breaks down everything you need to know to land gutter cleaning jobs – from essential equipment and pricing strategies to marketing tips and how to stay safe on the ladder. Learn how to build a solid client base and turn your skills into a thriving business.

Ready to get started and make some money? Click the link below to read “How to Get Gutter Cleaning Jobs” and launch your entrepreneurial journey! 
https://www.beacleaner.com/how-to-get-gutter-cleaning-jobs
#guttercleaning #smallbusiness #entrepreneur #sidehustle #homeimprovement #cleaningbusiness #beacleaner



",2025-05-27 15:25:33,False,
https://www.beacleaner.com/how-to-hire-employees-for-cleaning,"Growing your cleaning business is exciting, but finding reliable help can be a challenge! Are you ready to expand your team but unsure where to start with hiring?

This article breaks down everything you need to know about hiring employees for your cleaning company – from writing effective job descriptions and screening candidates, to understanding legal requirements and setting expectations. We’ll help you build a team you can trust to deliver amazing results for your clients.

Ready to take the next step and scale your business? Read our guide to hiring the right people! https://www.beacleaner.com/how-to-hire-employees-for-cleaning #cleaningbusiness #hiring #employees #smallbusiness #cleaningtips #businesstips



",2025-05-27 15:25:33,False,
https://www.beacleaner.com/how-to-introduce-yourself-as-a-cleaner,"Starting a cleaning business or just landing new clients? Knowing how to introduce yourself can make *all* the difference! First impressions matter, and you want to convey professionalism and trustworthiness right from the start.

This article breaks down exactly what to say when you first connect with potential customers – from crafting a quick elevator pitch to handling common questions about your services and pricing. It’s all about building confidence and securing those bookings.

Ready to make a great first impression and grow your cleaning business? Check out our guide for tips on introducing yourself as a cleaner! 
https://www.beacleaner.com/how-to-introduce-yourself-as-a-cleaner
#cleaningbusiness #cleaningtips #selfemployment #newbusiness #cleanerlife #introductiontips



",2025-05-27 15:25:33,False,
https://www.beacleaner.com/how-to-keep-windows-clean-longer,"Tired of windows getting dirty again *right* after you clean them? We feel you! It can be so frustrating to spend time scrubbing only to have streaks and grime reappear quickly.

This article is packed with simple tips and tricks to not only get sparkling clean windows, but also *keep* them that way for longer. Learn about the best cleaning solutions, preventative measures, and little habits that make a big difference. 

Ready to enjoy clearer views and less cleaning? Click the link below to discover how to keep your windows clean longer!
https://www.beacleaner.com/how-to-keep-windows-clean-longer
#windowcleaning #cleaningtips #homehacks #cleanhome #sparklingwindows #housecleaning",2025-05-27 15:25:33,False,
https://www.beacleaner.com/how-to-open-pella-casement-windows-for-cleaning,"Struggling to get those Pella casement windows open for a good cleaning? It can be surprisingly tricky! Many people don’t realize there’s a specific way to do it without damaging the mechanism.

This quick guide walks you through exactly how to safely open your Pella casement windows for easy cleaning – inside and out. We’ll cover the different operating styles and show you the simple steps to get them open so you can enjoy sparkling clean windows and a brighter home.

Ready to tackle those windows with confidence? Click the link below to learn how! 
https://www.beacleaner.com/how-to-open-pella-casement-windows-for-cleaning
#PellaWindows #CasementWindows #WindowCleaning #HomeMaintenance #CleaningTips #HomeImprovement



",2025-05-27 15:25:33,False,
https://www.beacleaner.com/how-to-pay-employees-for-cleaning-business,"Running a cleaning business is rewarding, but figuring out employee pay can be tricky! Are you confident you’re compensating your team fairly *and* profitably?

This article breaks down everything you need to know about paying your cleaning staff – from hourly rates and piecework to factoring in taxes and insurance. We cover different pay structures and help you choose what works best for your business and keeps your employees happy and motivated. 

Want to simplify payroll and build a successful cleaning company? Read our guide now to get it right! https://www.beacleaner.com/how-to-pay-employees-for-cleaning-business #cleaningbusiness #payroll #employeecompensation #smallbusiness #cleaningtips #businessowner



",2025-05-27 15:25:33,False,
https://www.beacleaner.com/how-to-start-a-cleaning-business-in-michigan,"Dreaming of being your own boss and setting your own hours? Starting a cleaning business could be the perfect path! Michigan has a great demand for reliable cleaning services, and it’s more achievable than you might think.

Our latest article breaks down everything you need to know to launch a successful cleaning business in Michigan – from legal requirements and licensing to pricing strategies and marketing tips. We’ll help you navigate the specifics for the Great Lakes State so you can confidently start earning.

Ready to turn your cleaning skills into a thriving business? Learn how to get started today! Click the link below to read the full guide.
https://www.beacleaner.com/how-to-start-a-cleaning-business-in-michigan
#cleaningbusiness #michiganbusiness #entrepreneur #smallbusiness #beacleaner #startabusiness #cleaningtips",2025-05-27 15:25:33,False,
https://www.beacleaner.com/how-to-use-newspaper-to-clean-windows,"Did you know your Sunday newspaper can do more than just deliver the news? It turns out it’s a fantastic, eco-friendly way to get sparkling clean windows! 

This article reveals the surprisingly effective technique of using newspaper to clean glass – no streaks, just shine. You’ll learn why it works better than paper towels, how to prep your solution, and get tips for a truly spotless finish. Save money and reduce waste with this simple trick!

Ready to ditch the chemicals and achieve professional-looking windows? Click the link below to learn how!
https://www.beacleaner.com/how-to-use-newspaper-to-clean-windows
#windowcleaning #cleaninghacks #ecofriendlycleaning #homecleaning #cleaningtips #newspaperhack",2025-05-27 15:25:33,False,
https://www.beacleaner.com/how-to-use-the-norwex-window-cleaning-cloth,"Tired of streaks and frustration when cleaning your windows? You’re not alone! Getting a sparkling clean finish can feel impossible, but it doesn’t have to be.

This article breaks down exactly how to use the Norwex Window Cleaning Cloth to achieve beautifully clear windows and mirrors – without harsh chemicals! Learn the simple technique for a spotless shine, plus tips for getting the most out of your cloth.

Ready to say goodbye to window cleaning woes? Click the link below to learn the secrets to streak-free success! 
https://www.beacleaner.com/how-to-use-the-norwex-window-cleaning-cloth
#Norwex #WindowCleaning #CleaningTips #StreakFreeShine #CleanHome #HomeCleaning",2025-05-27 15:25:33,False,
https://www.beacleaner.com/how-to-use-unger-glass-cleaner,"Ever wonder how professional window cleaners get that streak-free shine? It’s not magic, it’s technique! 

This article breaks down exactly how to use Unger glass cleaner like a pro. You’ll learn the best methods for prepping your surfaces, mixing the solution correctly, and achieving sparkling results on windows, mirrors, and more. Say goodbye to frustrating streaks and hello to crystal clear views!

Ready to make your glass sparkle? Click the link below to read the full guide and unlock the secrets to a truly clean shine.
https://www.beacleaner.com/how-to-use-unger-glass-cleaner
#Unger #GlassCleaner #WindowCleaning #CleaningTips #HomeCleaning #StreakFreeShine #CleanHome



",2025-05-27 15:25:33,False,
https://www.beacleaner.com/phueut-vs-yshunlai-steam-cleaner,"Is your steam cleaner really getting the job done? Choosing the right one can make all the difference in tackling tough messes around the house!

We recently put two popular models – the PHUEUT and the YSHUNLAI steam cleaners – head-to-head to see how they stack up. Our detailed comparison breaks down everything from power and features to ease of use and value, helping you decide which one best fits *your* cleaning needs. 

Ready to find the perfect steam cleaner for a sparkling clean home? Read our full review and make an informed choice! https://www.beacleaner.com/phueut-vs-yshunlai-steam-cleaner #steamcleaner #cleaningtips #homecleaning #cleaninghacks #phueut #yshunlai #cleanhome",2025-05-27 15:25:33,False,
https://www.beacleaner.com/how-to-clean-basement-rafters,"Is your basement feeling a little…dusty? Often, we forget about cleaning up high – like those basement rafters! Dust and debris can build up, impacting your air quality and even harboring pests. 

This article walks you through a simple, step-by-step guide to safely and effectively clean your basement rafters. You’ll learn the right tools to use, how to protect yourself from falling debris, and tips for tackling even the toughest grime. A cleaner basement means a healthier home!

Ready to breathe easier and reclaim your basement space? Click the link below for a complete cleaning guide!
https://www.beacleaner.com/how-to-clean-basement-rafters
#basementcleaning #homeimprovement #cleaningtips #dustremoval #healthyhome #DIYcleaning",2025-05-27 15:25:33,False,
https://www.beacleaner.com/how-to-clean-laminate-floors-with-windex,"Is your laminate flooring looking a little dull? You probably already have everything you need to get it sparkling clean right in your cleaning cupboard!

This article breaks down exactly how to clean laminate floors using Windex – yes, really! We’ll cover the right techniques to avoid damage, how often to clean, and tips for tackling stubborn spots. Keep your floors looking their best without harsh chemicals or expensive products.

Want a quick and easy way to restore the shine to your laminate? Click the link below to learn more and get cleaning!
https://www.beacleaner.com/how-to-clean-laminate-floors-with-windex
#laminatefloors #cleaningtips #homecleaning #windex #floortips #cleanhome",2025-05-27 15:25:33,False,
https://www.beacleaner.com/how-to-get-ramen-noodle-stain-out-of-carpet,"Spilled ramen on the carpet? Don't panic! We've all been there – a quick meal turns into a sticky situation. 

This article breaks down exactly how to tackle those ramen noodle stains, even after they’ve dried. You’ll learn simple, step-by-step methods using things you likely already have at home to restore your carpet and save your deposit (or just your sanity!). 

Ready to say goodbye to that noodle mess? Click the link below for a stain-free carpet!
https://www.beacleaner.com/how-to-get-ramen-noodle-stain-out-of-carpet
#carpetcleaning #stainremoval #ramen #cleaningtips #homemaintenance #beacleaner



",2025-05-27 15:25:33,False,
https://www.beacleaner.com/can-you-use-a-carpet-cleaner-on-tile-floors,"Ever wondered if you could use your carpet cleaner on your tile floors to give them a deep clean? It’s a question a lot of homeowners have! 

This article breaks down whether or not using a carpet cleaner on tile is a good idea, what potential problems you might run into, and what steps you can take to safely (or not!) tackle those tough tile stains. Learn about the right cleaning solutions and techniques to keep your tile looking its best without causing damage.

Want to find out if your carpet cleaner can double as a tile cleaner? Read the full article here and get sparkling floors!
https://www.beacleaner.com/can-you-use-a-carpet-cleaner-on-tile-floors
#tilecleaning #carpetcleaner #floorcare #cleaningtips #homecleaning #beacleaner



",2025-05-27 15:25:33,False,
https://www.beacleaner.com/how-to-clean-bathroom-floor-without-mop,"Is your bathroom floor looking a little less than sparkling, but you’re dreading getting the mop out? We get it! Sometimes a full-on mopping session just isn’t practical.

This article shares surprisingly effective ways to clean your bathroom floor *without* a mop! You’ll discover simple techniques using things you probably already have at home, saving you time and effort while still getting a beautifully clean result. Perfect for quick cleanups or if you don’t own a mop.

Ready to ditch the mop and still have a fresh, clean bathroom floor? Click the link below to learn how! 
https://www.beacleaner.com/how-to-clean-bathroom-floor-without-mop
#BathroomCleaning #CleaningHacks #CleanHome #NoMopCleaning #HomeCleaningTips #EasyCleaning",2025-05-27 15:25:33,False,
https://www.beacleaner.com/how-to-remove-debris-from-microfiber-towels,"Are your microfiber towels losing their softness and cleaning power? It’s probably because they’re clogged with debris! Even after washing, things like dust, polish residue, and dirt can stick around, making them less effective.

This article from BeaCleaner walks you through simple, effective methods to remove that hidden grime and restore your microfiber towels to their original glory. Learn how to get them truly clean so they can keep giving you streak-free shines and spotless surfaces.

Ready to revive your microfiber collection and make cleaning easier? Click the link below to learn how! 
https://www.beacleaner.com/how-to-remove-debris-from-microfiber-towels
#microfiber #cleaningtips #cleaninghacks #homecleaning #beacleaner #cleaningtowel #microfibercare



",2025-05-27 15:25:33,False,
https://www.beacleaner.com/how-to-remove-gravy-stains-from-carpet,"Uh oh… Thanksgiving (or any gravy-filled feast!) aftermath? Don’t panic about that gravy stain on your carpet! It happens to the best of us.

This article breaks down exactly how to tackle fresh *and* set-in gravy spills, using things you likely already have at home. We’re talking step-by-step instructions to lift that stain and restore your carpet to its former glory – saving you time, money, and stress.

Ready to rescue your carpet? Click the link below for a quick and easy guide to removing gravy stains! 
https://www.beacleaner.com/how-to-remove-gravy-stains-from-carpet
#gravystain #carpetcleaning #cleaningtips #homemaintenance #stainremoval #beacleaner



",2025-05-27 15:25:33,False,
https://www.beacleaner.com/how-to-clean-vinyl-plank-flooring,"Is your vinyl plank flooring looking a little dull? Keeping those floors sparkling clean can feel tricky, but it doesn’t have to be! 

This article breaks down everything you need to know about cleaning vinyl plank flooring – from quick daily sweeps to tackling stubborn stains and choosing the right cleaning products. We’ll help you protect your investment and keep your home looking its best with simple, effective methods.

Want a spotless shine without the stress? Click the link below to learn how to clean and maintain your vinyl plank floors like a pro!
https://www.beacleaner.com/how-to-clean-vinyl-plank-flooring
#vinylplankflooring #floorcleaning #homecleaning #cleaningtips #housekeeping #homeimprovement",2025-05-27 15:25:33,False,
https://www.beacleaner.com/how-to-clean-yellow-spot-on-bathroom-ceiling,"Ever notice those mysterious yellow spots creeping onto your bathroom ceiling? They’re super common, but definitely not something you want to ignore! These discolorations are usually caused by moisture and mildew, and thankfully, they’re often fixable without a full bathroom renovation.

Our latest article breaks down exactly what causes those spots and gives you simple, step-by-step instructions to clean them up and prevent them from coming back. You’ll learn what cleaning solutions work best and how to tackle the problem safely and effectively. 

Ready to say goodbye to unsightly ceiling stains and hello to a fresher bathroom? Click the link below to learn how!
https://www.beacleaner.com/how-to-clean-yellow-spot-on-bathroom-ceiling
#BathroomCleaning #HomeMaintenance #CleaningTips #MildewRemoval #CleanHome



",2025-05-27 15:25:33,False,
https://www.beacleaner.com/how-to-remove-baking-soda-residue-from-tile,"Ever scrubbed with baking soda and then been left with a cloudy film on your tile? It’s a common problem! While baking soda is amazing for cleaning, sometimes it leaves behind a residue that’s actually *more* noticeable than the original mess.

This article walks you through simple, effective ways to remove that baking soda residue and get your tile sparkling clean again. We’re talking easy solutions using things you probably already have in your home – no harsh chemicals needed!

Want to restore your tile’s shine and avoid that frustrating white haze? Click the link below to learn how! 
https://www.beacleaner.com/how-to-remove-baking-soda-residue-from-tile
#cleaningtips #baking soda #tilecleaning #homecleaning #cleanhome #cleaninghacks",2025-05-27 15:25:33,False,
https://www.beacleaner.com/how-to-clean-kinetic-sand-from-carpet,"Uh oh, kinetic sand explosion in the playroom? We’ve all been there! It’s amazing fun for kids, but a real pain to clean up, especially when it gets ground into the carpet. 

This article breaks down exactly how to remove kinetic sand from carpet fibers – no harsh scrubbing or expensive cleaners needed. You’ll learn simple, effective techniques to lift and collect the sand, getting your carpets looking (and feeling!) like new again.

Save yourself some stress and a lot of time! Click the link below for a step-by-step guide to conquering that kinetic sand mess.
https://www.beacleaner.com/how-to-clean-kinetic-sand-from-carpet
#kineticSand #carpetCleaning #cleaningHacks #momlife #homeCleaning #cleaningTips",2025-05-27 15:25:33,False,
https://www.beacleaner.com/how-to-clean-mould-from-washing-machine-drawer,"Is your washing machine drawer looking a little…grim? You’re not alone! That dark, damp space is a breeding ground for mould and mildew, and it can affect your laundry’s freshness. 

This article from Beacleaner walks you through a simple, step-by-step guide to safely and effectively clean mould from your washing machine drawer. Learn how to banish that unpleasant smell and keep your clothes smelling truly clean.

Ready to restore your washing machine to its sparkling best? Click the link below for all the details!
https://www.beacleaner.com/how-to-clean-mould-from-washing-machine-drawer
#washingmachine #cleaningtips #mouldremoval #homecleaning #laundryhacks #beacleaner



",2025-05-27 15:25:33,False,
https://www.beacleaner.com/how-to-clean-white-patches-on-bathroom-tiles,"Ugh, those white patches on your bathroom tiles driving you crazy? You’re not alone! It’s usually hard water buildup, and thankfully, it’s often easier to tackle than you think.

This article breaks down exactly what causes those unsightly marks and gives you simple, effective methods to get your tiles sparkling clean again – using things you probably already have at home. Say goodbye to dull tiles and hello to a brighter bathroom!

Ready to restore your bathroom’s shine? Click the link below to learn how to banish those white patches for good! 
https://www.beacleaner.com/how-to-clean-white-patches-on-bathroom-tiles
#bathroomcleaning #tilecleaning #hardwaterstains #cleaningtips #homecleaning #cleanhome",2025-05-27 15:25:33,False,
https://www.beacleaner.com/how-to-remove-sticky-residue-from-vinyl-flooring,"Ugh, sticky spots on your vinyl floors? We’ve all been there! Whether it’s from tape, stickers, or mystery spills, that residue can be a real pain to get rid of. 

This article breaks down exactly how to safely remove sticky residue from your vinyl flooring without causing damage. You’ll learn simple methods using things you likely already have at home, and get tips for tackling different types of stickiness. Keep your floors looking their best with minimal effort!

Ready to say goodbye to those frustrating sticky patches? Click the link below for a step-by-step guide!
https://www.beacleaner.com/how-to-remove-sticky-residue-from-vinyl-flooring
#vinylflooring #cleaningtips #homemaintenance #stickyresidue #floorcare #cleaninghacks",2025-05-27 15:25:33,False,
https://www.beacleaner.com/how-to-clean-bacon-grease-from-pan,"Ever struggle with a stubbornly greasy pan after making the BEST bacon? We get it! That leftover bacon grease can be a real pain to clean, but it doesn’t have to be. 

This article breaks down easy and effective methods for tackling bacon grease, from simple dish soap solutions to using baking soda and vinegar. You’ll learn how to get your pans sparkling clean without endless scrubbing and save your favorite cookware.

Stop letting bacon grease win! Click the link below to discover the best ways to clean up after a delicious breakfast. 
https://www.beacleaner.com/how-to-clean-bacon-grease-from-pan
#BaconGrease #CleaningTips #KitchenHacks #CleanHome #CookingCleanup",2025-05-27 15:25:33,False,
